시도,시군구,연도,청소년인구
강원,강릉시,2021,32931
강원,강릉시,2022,31597
강원,강릉시,2023,29925
강원,강릉시,2024,28506
강원,고성군,2021,3070
강원,고성군,2022,2992
강원,고성군,2023,2940
강원,고성군,2024,2760
강원,동해시,2021,14333
강원,동해시,2022,13696
강원,동해시,2023,13153
강원,동해시,2024,12591
강원,동해출장소,2021,0
강원,동해출장소,2022,0
강원,동해출장소,2023,0
강원,동해출장소,2024,0
강원,삼척시,2021,9578
강원,삼척시,2022,9514
강원,삼척시,2023,9162
강원,삼척시,2024,8703
강원,속초시,2021,12459
강원,속초시,2022,11867
강원,속초시,2023,11188
강원,속초시,2024,10718
강원,양구군,2021,3473
강원,양구군,2022,3286
강원,양구군,2023,3067
강원,양구군,2024,2983
강원,양양군,2021,3200
강원,양양군,2022,3030
강원,양양군,2023,2870
강원,양양군,2024,2764
강원,영월군,2021,4821
강원,영월군,2022,4574
강원,영월군,2023,4309
강원,영월군,2024,4088
강원,원주시,2021,60849
강원,원주시,2022,59203
강원,원주시,2023,57329
강원,원주시,2024,56014
강원,인제군,2021,4490
강원,인제군,2022,4339
강원,인제군,2023,4191
강원,인제군,2024,3972
강원,정선군,2021,4146
강원,정선군,2022,3914
강원,정선군,2023,3696
강원,정선군,2024,3444
강원,철원군,2021,6461
강원,철원군,2022,6001
강원,철원군,2023,5753
강원,철원군,2024,5374
강원,춘천시,2021,47880
강원,춘천시,2022,47208
강원,춘천시,2023,46648
강원,춘천시,2024,46271
강원,태백시,2021,5958
강원,태백시,2022,5633
강원,태백시,2023,5308
강원,태백시,2024,5010
강원,평창군,2021,4755
강원,평창군,2022,4598
강원,평창군,2023,4387
강원,평창군,2024,4231
강원,홍천군,2021,8754
강원,홍천군,2022,8118
강원,홍천군,2023,7606
강원,홍천군,2024,7198
강원,화천군,2021,3544
강원,화천군,2022,3203
강원,화천군,2023,3094
강원,화천군,2024,3104
강원,횡성군,2021,5633
강원,횡성군,2022,5433
강원,횡성군,2023,5176
강원,횡성군,2024,5016
경기,가평군,2021,7952
경기,가평군,2022,7571
경기,가평군,2023,7334
경기,가평군,2024,7033
경기,고양시,2021,181742
경기,고양시,2022,175120
경기,고양시,2023,169164
경기,고양시,2024,163192
경기,과천시,2021,12459
경기,과천시,2022,12866
경기,과천시,2023,13250
경기,과천시,2024,13612
경기,광명시,2021,50454
경기,광명시,2022,48495
경기,광명시,2023,46363
경기,광명시,2024,44909
경기,광주시,2021,58771
경기,광주시,2022,58221
경기,광주시,2023,57202
경기,광주시,2024,57466
경기,구리시,2021,31313
경기,구리시,2022,29803
경기,구리시,2023,28703
경기,구리시,2024,27715
경기,군포시,2021,44965
경기,군포시,2022,43118
경기,군포시,2023,41137
경기,군포시,2024,39005
경기,권선구,2021,59336
경기,권선구,2022,58022
경기,권선구,2023,56125
경기,권선구,2024,53995
경기,기흥구,2021,85118
경기,기흥구,2022,83340
경기,기흥구,2023,81482
경기,기흥구,2024,80098
경기,김포시,2021,81124
경기,김포시,2022,80770
경기,김포시,2023,81655
경기,김포시,2024,82551
경기,남양주시,2021,130464
경기,남양주시,2022,128699
경기,남양주시,2023,126363
경기,남양주시,2024,124573
경기,단원구,2021,52742
경기,단원구,2022,49418
경기,단원구,2023,47035
경기,단원구,2024,44684
경기,덕양구,2021,73909
경기,덕양구,2022,72565
경기,덕양구,2023,71664
경기,덕양구,2024,69437
경기,동두천시,2021,14635
경기,동두천시,2022,13936
경기,동두천시,2023,13111
경기,동두천시,2024,12469
경기,동안구,2021,55607
경기,동안구,2022,53986
경기,동안구,2023,52513
경기,동안구,2024,52874
경기,만안구,2021,34888
경기,만안구,2022,32723
경기,만안구,2023,31027
경기,만안구,2024,29647
경기,부천시,2021,125020
경기,부천시,2022,118145
경기,부천시,2023,112979
경기,부천시,2024,108022
경기,북부출장소,2021,0
경기,북부출장소,2022,0
경기,북부출장소,2023,0
경기,북부출장소,2024,0
경기,분당구,2021,88223
경기,분당구,2022,85989
경기,분당구,2023,82978
경기,분당구,2024,80955
경기,상록구,2021,63679
경기,상록구,2022,60368
경기,상록구,2023,56386
경기,상록구,2024,52779
경기,성남시,2021,150892
경기,성남시,2022,145462
경기,성남시,2023,141087
경기,성남시,2024,136916
경기,소사구,2021,0
경기,소사구,2022,0
경기,소사구,2023,0
경기,소사구,2024,31948
경기,송탄출장소,2021,0
경기,송탄출장소,2022,0
경기,송탄출장소,2023,0
경기,송탄출장소,2024,0
경기,수원시,2021,210372
경기,수원시,2022,204979
경기,수원시,2023,199857
경기,수원시,2024,194304
경기,수정구,2021,33078
경기,수정구,2022,31282
경기,수정구,2023,30913
경기,수정구,2024,30187
경기,수지구,2021,73345
경기,수지구,2022,72740
경기,수지구,2023,72127
경기,수지구,2024,71432
경기,시흥시,2021,88280
경기,시흥시,2022,86720
경기,시흥시,2023,86004
경기,시흥시,2024,84582
경기,안산시,2021,116421
경기,안산시,2022,109786
경기,안산시,2023,103421
경기,안산시,2024,97463
경기,안성시,2021,31000
경기,안성시,2022,30232
경기,안성시,2023,29552
경기,안성시,2024,29509
경기,안양시,2021,90495
경기,안양시,2022,86709
경기,안양시,2023,83540
경기,안양시,2024,82521
경기,안중출장소,2021,0
경기,안중출장소,2022,0
경기,안중출장소,2023,0
경기,안중출장소,2024,0
경기,양주시,2021,40934
경기,양주시,2022,41183
경기,양주시,2023,43634
경기,양주시,2024,45497
경기,양평군,2021,15896
경기,양평군,2022,15699
경기,양평군,2023,15522
경기,양평군,2024,15342
경기,여주시,2021,16393
경기,여주시,2022,15903
경기,여주시,2023,15351
경기,여주시,2024,14806
경기,연천군,2021,5707
경기,연천군,2022,5405
경기,연천군,2023,5153
경기,연천군,2024,4829
경기,영통구,2021,71754
경기,영통구,2022,69638
경기,영통구,2023,68634
경기,영통구,2024,67513
경기,오산시,2021,41811
경기,오산시,2022,41241
경기,오산시,2023,40835
경기,오산시,2024,41741
경기,오정구,2021,0
경기,오정구,2022,0
경기,오정구,2023,0
경기,오정구,2024,20028
경기,용인시,2021,202745
경기,용인시,2022,199356
경기,용인시,2023,196120
경기,용인시,2024,194837
경기,원미구,2021,0
경기,원미구,2022,0
경기,원미구,2023,0
경기,원미구,2024,56046
경기,의왕시,2021,26252
경기,의왕시,2022,24943
경기,의왕시,2023,23609
경기,의왕시,2024,22250
경기,의정부시,2021,76393
경기,의정부시,2022,73579
경기,의정부시,2023,71258
경기,의정부시,2024,68693
경기,이천시,2021,38326
경기,이천시,2022,37149
경기,이천시,2023,36117
경기,이천시,2024,35122
경기,일산동구,2021,51820
경기,일산동구,2022,49572
경기,일산동구,2023,47124
경기,일산동구,2024,45508
경기,일산서구,2021,56013
경기,일산서구,2022,52983
경기,일산서구,2023,50376
경기,일산서구,2024,48247
경기,장안구,2021,51776
경기,장안구,2022,49531
경기,장안구,2023,47540
경기,장안구,2024,46413
경기,중원구,2021,29591
경기,중원구,2022,28191
경기,중원구,2023,27196
경기,중원구,2024,25774
경기,처인구,2021,44282
경기,처인구,2022,43276
경기,처인구,2023,42511
경기,처인구,2024,43307
경기,파주시,2021,84002
경기,파주시,2022,83994
경기,파주시,2023,83007
경기,파주시,2024,83909
경기,팔달구,2021,27506
경기,팔달구,2022,27788
경기,팔달구,2023,27558
경기,팔달구,2024,26383
경기,평택시,2021,94747
경기,평택시,2022,94416
경기,평택시,2023,94053
경기,평택시,2024,93549
경기,포천시,2021,21730
경기,포천시,2022,20327
경기,포천시,2023,18850
경기,포천시,2024,17698
경기,풍양출장소,2021,0
경기,풍양출장소,2022,0
경기,풍양출장소,2023,0
경기,풍양출장소,2024,0
경기,하남시,2021,48544
경기,하남시,2022,49623
경기,하남시,2023,50756
경기,하남시,2024,51046
경기,화성시,2021,161904
경기,화성시,2022,164679
경기,화성시,2023,169404
경기,화성시,2024,172419
경기,화성시동부출장소,2021,0
경기,화성시동부출장소,2022,0
경기,화성시동부출장소,2023,0
경기,화성시동부출장소,2024,0
경기,화성시동탄출장소,2021,0
경기,화성시동탄출장소,2022,0
경기,화성시동탄출장소,2023,0
경기,화성시동탄출장소,2024,0
경남,거제시,2021,43749
경남,거제시,2022,42545
경남,거제시,2023,41802
경남,거제시,2024,41315
경남,거창군,2021,9543
경남,거창군,2022,9049
경남,거창군,2023,8777
경남,거창군,2024,8451
경남,고성군,2021,6432
경남,고성군,2022,6237
경남,고성군,2023,5905
경남,고성군,2024,5563
경남,김해시,2021,100648
경남,김해시,2022,97487
경남,김해시,2023,94551
경남,김해시,2024,91961
경남,남해군,2021,4759
경남,남해군,2022,4427
경남,남해군,2023,4175
경남,남해군,2024,3903
경남,마산합포구,2021,25438
경남,마산합포구,2022,24821
경남,마산합포구,2023,24587
경남,마산합포구,2024,24220
경남,마산회원구,2021,29892
경남,마산회원구,2022,28370
경남,마산회원구,2023,27117
경남,마산회원구,2024,26249
경남,밀양시,2021,12579
경남,밀양시,2022,12108
경남,밀양시,2023,11715
경남,밀양시,2024,11081
경남,사천남양출장소,2021,0
경남,사천남양출장소,2022,0
경남,사천남양출장소,2023,0
경남,사천남양출장소,2024,0
경남,사천시,2021,16407
경남,사천시,2022,15943
경남,사천시,2023,15682
경남,사천시,2024,15285
경남,산청군,2021,3386
경남,산청군,2022,3221
경남,산청군,2023,3013
경남,산청군,2024,2839
경남,성산구,2021,45469
경남,성산구,2022,42788
경남,성산구,2023,40600
경남,성산구,2024,38845
경남,양산시,2021,57535
경남,양산시,2022,56469
경남,양산시,2023,56026
경남,양산시,2024,55993
경남,양산시웅상출장소,2021,0
경남,양산시웅상출장소,2022,0
경남,양산시웅상출장소,2023,0
경남,양산시웅상출장소,2024,0
경남,의령군,2021,2502
경남,의령군,2022,2329
경남,의령군,2023,2180
경남,의령군,2024,2107
경남,의창구,2021,34858
경남,의창구,2022,33299
경남,의창구,2023,32156
경남,의창구,2024,30989
경남,장유출장소,2021,0
경남,장유출장소,2022,0
경남,장유출장소,2023,0
경남,장유출장소,2024,0
경남,진주시,2021,60655
경남,진주시,2022,58610
경남,진주시,2023,57381
경남,진주시,2024,56137
경남,진해구,2021,33887
경남,진해구,2022,33508
경남,진해구,2023,32783
경남,진해구,2024,32089
경남,창녕군,2021,6676
경남,창녕군,2022,6148
경남,창녕군,2023,5747
경남,창녕군,2024,5529
경남,창원시(통합),2021,169544
경남,창원시(통합),2022,162786
경남,창원시(통합),2023,157243
경남,창원시(통합),2024,152392
경남,통영시,2021,19751
경남,통영시,2022,19007
경남,통영시,2023,18489
경남,통영시,2024,18119
경남,하동군,2021,4598
경남,하동군,2022,4191
경남,하동군,2023,3881
경남,하동군,2024,3571
경남,함안군,2021,9024
경남,함안군,2022,8588
경남,함안군,2023,8189
경남,함안군,2024,7801
경남,함양군,2021,4618
경남,함양군,2022,4368
경남,함양군,2023,4140
경남,함양군,2024,3866
경남,합천군,2021,3981
경남,합천군,2022,3714
경남,합천군,2023,3461
경남,합천군,2024,3199
경북,경산시,2021,43498
경북,경산시,2022,43214
경북,경산시,2023,42768
경북,경산시,2024,43073
경북,경주시,2021,35596
경북,경주시,2022,33862
경북,경주시,2023,32621
경북,경주시,2024,31076
경북,고령군,2021,3355
경북,고령군,2022,3110
경북,고령군,2023,2927
경북,고령군,2024,2736
경북,구미시,2021,75279
경북,구미시,2022,73004
경북,구미시,2023,71359
경북,구미시,2024,69852
경북,군위군,2021,1693
경북,군위군,2022,1588
경북,군위군,2023,0
경북,군위군,2024,0
경북,김천시,2021,20652
경북,김천시,2022,19995
경북,김천시,2023,19377
경북,김천시,2024,18550
경북,남구,2021,36137
경북,남구,2022,34364
경북,남구,2023,33354
경북,남구,2024,31956
경북,문경시,2021,9421
경북,문경시,2022,9048
경북,문경시,2023,8449
경북,문경시,2024,7960
경북,봉화군,2021,2943
경북,봉화군,2022,2784
경북,봉화군,2023,2684
경북,봉화군,2024,2529
경북,북구,2021,43183
경북,북구,2022,41159
경북,북구,2023,39885
경북,북구,2024,39538
경북,상주시,2021,12291
경북,상주시,2022,11969
경북,상주시,2023,11521
경북,상주시,2024,10914
경북,성주군,2021,3920
경북,성주군,2022,3668
경북,성주군,2023,3477
경북,성주군,2024,3269
경북,안동시,2021,22955
경북,안동시,2022,22200
경북,안동시,2023,21434
경북,안동시,2024,22140
경북,영덕군,2021,3344
경북,영덕군,2022,3144
경북,영덕군,2023,2958
경북,영덕군,2024,2811
경북,영양군,2021,1523
경북,영양군,2022,1470
경북,영양군,2023,1392
경북,영양군,2024,1330
경북,영주시,2021,14697
경북,영주시,2022,14061
경북,영주시,2023,14204
경북,영주시,2024,13802
경북,영천시,2021,12069
경북,영천시,2022,11330
경북,영천시,2023,10738
경북,영천시,2024,10206
경북,예천군,2021,7032
경북,예천군,2022,7045
경북,예천군,2023,6979
경북,예천군,2024,6856
경북,울릉군,2021,879
경북,울릉군,2022,834
경북,울릉군,2023,816
경북,울릉군,2024,777
경북,울진군,2021,6098
경북,울진군,2022,5661
경북,울진군,2023,5407
경북,울진군,2024,5138
경북,의성군,2021,3776
경북,의성군,2022,3557
경북,의성군,2023,3482
경북,의성군,2024,3237
경북,청도군,2021,3789
경북,청도군,2022,3595
경북,청도군,2023,3384
경북,청도군,2024,3134
경북,청송군,2021,2030
경북,청송군,2022,1891
경북,청송군,2023,1809
경북,청송군,2024,1686
경북,칠곡군,2021,18525
경북,칠곡군,2022,17846
경북,칠곡군,2023,17041
경북,칠곡군,2024,16120
경북,포항시,2021,79320
경북,포항시,2022,75523
경북,포항시,2023,73239
경북,포항시,2024,71494
광주,광산구,2021,86682
광주,광산구,2022,83757
광주,광산구,2023,81001
광주,광산구,2024,77983
광주,남구,2021,39068
광주,남구,2022,37549
광주,남구,2023,36478
광주,남구,2024,35730
광주,동구,2021,15238
광주,동구,2022,15266
광주,동구,2023,15208
광주,동구,2024,14872
광주,북구,2021,75267
광주,북구,2022,72371
광주,북구,2023,69802
광주,북구,2024,68475
광주,서구,2021,54591
광주,서구,2022,51887
광주,서구,2023,49421
광주,서구,2024,46891
대구,군위군,2021,0
대구,군위군,2022,0
대구,군위군,2023,1457
대구,군위군,2024,1322
대구,남구,2021,18398
대구,남구,2022,17889
대구,남구,2023,17012
대구,남구,2024,16062
대구,달서구,2021,95436
대구,달서구,2022,91324
대구,달서구,2023,87223
대구,달서구,2024,83725
대구,달성군,2021,40811
대구,달성군,2022,40602
대구,달성군,2023,40658
대구,달성군,2024,40259
대구,동구,2021,47568
대구,동구,2022,45991
대구,동구,2023,45426
대구,동구,2024,44391
대구,북구,2021,76970
대구,북구,2022,74847
대구,북구,2023,70968
대구,북구,2024,67844
대구,서구,2021,19928
대구,서구,2022,18325
대구,서구,2023,17784
대구,서구,2024,16876
대구,수성구,2021,81960
대구,수성구,2022,78400
대구,수성구,2023,75729
대구,수성구,2024,74320
대구,중구,2021,10342
대구,중구,2022,11074
대구,중구,2023,12235
대구,중구,2024,13469
대전,대덕구,2021,29212
대전,대덕구,2022,27363
대전,대덕구,2023,25746
대전,대덕구,2024,24270
대전,동구,2021,37013
대전,동구,2022,35954
대전,동구,2023,35244
대전,동구,2024,34875
대전,서구,2021,86580
대전,서구,2022,83589
대전,서구,2023,80426
대전,서구,2024,77995
대전,유성구,2021,66244
대전,유성구,2022,65485
대전,유성구,2023,66071
대전,유성구,2024,65847
대전,중구,2021,37300
대전,중구,2022,35618
대전,중구,2023,34004
대전,중구,2024,33266
부산,강서구,2021,20188
부산,강서구,2022,21030
부산,강서구,2023,21820
부산,강서구,2024,22942
부산,금정구,2021,34787
부산,금정구,2022,32977
부산,금정구,2023,31636
부산,금정구,2024,30565
부산,기장군,2021,28567
부산,기장군,2022,28741
부산,기장군,2023,29072
부산,기장군,2024,28906
부산,남구,2021,42298
부산,남구,2022,41621
부산,남구,2023,40905
부산,남구,2024,40757
부산,동구,2021,9679
부산,동구,2022,9048
부산,동구,2023,8833
부산,동구,2024,8278
부산,동래구,2021,42137
부산,동래구,2022,42310
부산,동래구,2023,41343
부산,동래구,2024,41290
부산,부산진구,2021,48875
부산,부산진구,2022,47935
부산,부산진구,2023,47388
부산,부산진구,2024,46449
부산,북구,2021,41495
부산,북구,2022,39070
부산,북구,2023,36945
부산,북구,2024,34866
부산,사상구,2021,28507
부산,사상구,2022,27037
부산,사상구,2023,26114
부산,사상구,2024,24919
부산,사하구,2021,45612
부산,사하구,2022,43462
부산,사하구,2023,41903
부산,사하구,2024,40106
부산,서구,2021,14071
부산,서구,2022,13788
부산,서구,2023,13462
부산,서구,2024,12988
부산,수영구,2021,22352
부산,수영구,2022,21674
부산,수영구,2023,21268
부산,수영구,2024,20663
부산,연제구,2021,29400
부산,연제구,2022,28154
부산,연제구,2023,27942
부산,연제구,2024,28617
부산,영도구,2021,13320
부산,영도구,2022,12577
부산,영도구,2023,11946
부산,영도구,2024,11408
부산,중구,2021,4477
부산,중구,2022,4285
부산,중구,2023,4019
부산,중구,2024,3706
부산,해운대구,2021,63629
부산,해운대구,2022,60512
부산,해운대구,2023,58121
부산,해운대구,2024,56255
서울,강남구,2021,96253
서울,강남구,2022,95070
서울,강남구,2023,95929
서울,강남구,2024,97231
서울,강동구,2021,68764
서울,강동구,2022,67081
서울,강동구,2023,65756
서울,강동구,2024,67612
서울,강북구,2021,41169
서울,강북구,2022,39488
서울,강북구,2023,37497
서울,강북구,2024,35922
서울,강서구,2021,80983
서울,강서구,2022,77879
서울,강서구,2023,75140
서울,강서구,2024,72519
서울,관악구,2021,67354
서울,관악구,2022,66062
서울,관악구,2023,62620
서울,관악구,2024,60214
서울,광진구,2021,52057
서울,광진구,2022,50600
서울,광진구,2023,48661
서울,광진구,2024,46767
서울,구로구,2021,54523
서울,구로구,2022,52728
서울,구로구,2023,50893
서울,구로구,2024,48869
서울,금천구,2021,29032
서울,금천구,2022,27261
서울,금천구,2023,25696
서울,금천구,2024,24353
서울,노원구,2021,90161
서울,노원구,2022,87296
서울,노원구,2023,84208
서울,노원구,2024,81192
서울,도봉구,2021,45757
서울,도봉구,2022,43126
서울,도봉구,2023,40958
서울,도봉구,2024,39127
서울,동대문구,2021,50781
서울,동대문구,2022,50464
서울,동대문구,2023,50488
서울,동대문구,2024,49505
서울,동작구,2021,56362
서울,동작구,2022,55257
서울,동작구,2023,54027
서울,동작구,2024,52500
서울,마포구,2021,55590
서울,마포구,2022,53836
서울,마포구,2023,52245
서울,마포구,2024,50972
서울,서대문구,2021,46512
서울,서대문구,2022,46444
서울,서대문구,2023,45807
서울,서대문구,2024,44532
서울,서초구,2021,72665
서울,서초구,2022,71173
서울,서초구,2023,71009
서울,서초구,2024,70597
서울,성동구,2021,39423
서울,성동구,2022,38196
서울,성동구,2023,36701
서울,성동구,2024,35211
서울,성북구,2021,70979
서울,성북구,2022,70922
서울,성북구,2023,69674
서울,성북구,2024,68095
서울,송파구,2021,101963
서울,송파구,2022,99963
서울,송파구,2023,97182
서울,송파구,2024,94476
서울,양천구,2021,81262
서울,양천구,2022,78252
서울,양천구,2023,75770
서울,양천구,2024,73264
서울,영등포구,2021,47792
서울,영등포구,2022,46668
서울,영등포구,2023,44859
서울,영등포구,2024,43230
서울,용산구,2021,29425
서울,용산구,2022,28088
서울,용산구,2023,26540
서울,용산구,2024,24766
서울,은평구,2021,69015
서울,은평구,2022,66215
서울,은평구,2023,64340
서울,은평구,2024,61632
서울,종로구,2021,21307
서울,종로구,2022,20477
서울,종로구,2023,19662
서울,종로구,2024,18841
서울,중구,2021,14539
서울,중구,2022,13899
서울,중구,2023,13459
서울,중구,2024,12828
서울,중랑구,2021,50025
서울,중랑구,2022,47867
서울,중랑구,2023,45578
서울,중랑구,2024,43749
울산,남구,2021,52522
울산,남구,2022,49915
울산,남구,2023,47842
울산,남구,2024,46370
울산,동구,2021,25455
울산,동구,2022,24791
울산,동구,2023,24709
울산,동구,2024,24406
울산,북구,2021,39164
울산,북구,2022,38367
울산,북구,2023,37694
울산,북구,2024,37574
울산,울주군,2021,37255
울산,울주군,2022,36091
울산,울주군,2023,34650
울산,울주군,2024,33686
울산,중구,2021,33532
울산,중구,2022,31683
울산,중구,2023,30664
울산,중구,2024,29636
인천,강화군,2021,7589
인천,강화군,2022,7341
인천,강화군,2023,6985
인천,강화군,2024,6794
인천,계양구,2021,47080
인천,계양구,2022,43711
인천,계양구,2023,40419
인천,계양구,2024,38470
인천,남동구,2021,85193
인천,남동구,2022,81209
인천,남동구,2023,76987
인천,남동구,2024,74111
인천,동구,2021,8544
인천,동구,2022,7964
인천,동구,2023,7755
인천,동구,2024,7338
인천,미추홀구,2021,60168
인천,미추홀구,2022,58328
인천,미추홀구,2023,56877
인천,미추홀구,2024,57200
인천,부평구,2021,75029
인천,부평구,2022,71641
인천,부평구,2023,69271
인천,부평구,2024,66660
인천,서구,2021,96778
인천,서구,2022,98973
인천,서구,2023,101565
인천,서구,2024,101830
인천,서구검단출장소,2021,0
인천,서구검단출장소,2022,0
인천,서구검단출장소,2023,0
인천,서구검단출장소,2024,0
인천,연수구,2021,72396
인천,연수구,2022,71324
인천,연수구,2023,72010
인천,연수구,2024,72836
인천,옹진군,2021,2519
인천,옹진군,2022,2529
인천,옹진군,2023,2302
인천,옹진군,2024,2102
인천,중구,2021,21898
인천,중구,2022,22967
인천,중구,2023,24243
인천,중구,2024,25015
인천,중구영종출장소,2021,0
인천,중구영종출장소,2022,0
인천,중구영종출장소,2023,0
인천,중구영종출장소,2024,0
인천,중구용유출장소,2021,0
인천,중구용유출장소,2022,0
인천,중구용유출장소,2023,0
인천,중구용유출장소,2024,0
전남,강진군,2021,4115
전남,강진군,2022,3870
전남,강진군,2023,3624
전남,강진군,2024,3436
전남,고흥군,2021,6210
전남,고흥군,2022,5832
전남,고흥군,2023,5487
전남,고흥군,2024,5176
전남,곡성군,2021,3166
전남,곡성군,2022,2927
전남,곡성군,2023,2766
전남,곡성군,2024,2577
전남,광양시,2021,26996
전남,광양시,2022,26197
전남,광양시,2023,25230
전남,광양시,2024,24641
전남,구례군,2021,2979
전남,구례군,2022,2805
전남,구례군,2023,2635
전남,구례군,2024,2535
전남,나주시,2021,16457
전남,나주시,2022,16173
전남,나주시,2023,16215
전남,나주시,2024,16037
전남,담양군,2021,5601
전남,담양군,2022,5251
전남,담양군,2023,5009
전남,담양군,2024,4707
전남,목포시,2021,40444
전남,목포시,2022,39172
전남,목포시,2023,37585
전남,목포시,2024,35789
전남,무안군,2021,15741
전남,무안군,2022,15666
전남,무안군,2023,15697
전남,무안군,2024,16072
전남,보성군,2021,4259
전남,보성군,2022,3963
전남,보성군,2023,3691
전남,보성군,2024,3530
전남,순천시,2021,51154
전남,순천시,2022,49066
전남,순천시,2023,47666
전남,순천시,2024,46107
전남,신안군,2021,3450
전남,신안군,2022,3300
전남,신안군,2023,3316
전남,신안군,2024,3432
전남,여수시,2021,44663
전남,여수시,2022,42966
전남,여수시,2023,41221
전남,여수시,2024,39726
전남,영광군,2021,6801
전남,영광군,2022,6611
전남,영광군,2023,6377
전남,영광군,2024,6183
전남,영암군,2021,7432
전남,영암군,2022,7156
전남,영암군,2023,6866
전남,영암군,2024,6475
전남,완도군,2021,5794
전남,완도군,2022,5469
전남,완도군,2023,5253
전남,완도군,2024,5018
전남,장성군,2021,5384
전남,장성군,2022,5200
전남,장성군,2023,4981
전남,장성군,2024,4801
전남,장흥군,2021,4444
전남,장흥군,2022,4191
전남,장흥군,2023,3963
전남,장흥군,2024,3748
전남,진도군,2021,3665
전남,진도군,2022,3456
전남,진도군,2023,3297
전남,진도군,2024,3132
전남,함평군,2021,3451
전남,함평군,2022,3283
전남,함평군,2023,3048
전남,함평군,2024,2849
전남,해남군,2021,8438
전남,해남군,2022,8032
전남,해남군,2023,7595
전남,해남군,2024,7084
전남,화순군,2021,9652
전남,화순군,2022,9143
전남,화순군,2023,8654
전남,화순군,2024,8126
전북,고창군,2021,6630
전북,고창군,2022,6231
전북,고창군,2023,5972
전북,고창군,2024,5750
전북,군산시,2021,44006
전북,군산시,2022,42480
전북,군산시,2023,41188
전북,군산시,2024,39995
전북,김제시,2021,10190
전북,김제시,2022,9929
전북,김제시,2023,9637
전북,김제시,2024,9208
전북,남원시,2021,11682
전북,남원시,2022,11022
전북,남원시,2023,10418
전북,남원시,2024,9788
전북,덕진구,2021,61376
전북,덕진구,2022,59964
전북,덕진구,2023,58561
전북,덕진구,2024,57740
전북,무주군,2021,2822
전북,무주군,2022,2744
전북,무주군,2023,2675
전북,무주군,2024,2602
전북,부안군,2021,6077
전북,부안군,2022,5838
전북,부안군,2023,5534
전북,부안군,2024,5228
전북,순창군,2021,3382
전북,순창군,2022,3296
전북,순창군,2023,3325
전북,순창군,2024,3256
전북,완산구,2021,62671
전북,완산구,2022,59786
전북,완산구,2023,56998
전북,완산구,2024,54522
전북,완주군,2021,13552
전북,완주군,2022,13357
전북,완주군,2023,13718
전북,완주군,2024,13654
전북,익산시,2021,48035
전북,익산시,2022,45949
전북,익산시,2023,43994
전북,익산시,2024,42010
전북,익산시함열출장소,2021,0
전북,익산시함열출장소,2022,0
전북,익산시함열출장소,2023,0
전북,익산시함열출장소,2024,0
전북,임실군,2021,2651
전북,임실군,2022,2556
전북,임실군,2023,2379
전북,임실군,2024,2277
전북,장수군,2021,2626
전북,장수군,2022,2496
전북,장수군,2023,2372
전북,장수군,2024,2271
전북,전주시,2021,124047
전북,전주시,2022,119750
전북,전주시,2023,115559
전북,전주시,2024,112262
전북,전주시효자출장소,2021,0
전북,전주시효자출장소,2022,0
전북,전주시효자출장소,2023,0
전북,전주시효자출장소,2024,0
전북,정읍시,2021,15706
전북,정읍시,2022,14864
전북,정읍시,2023,14049
전북,정읍시,2024,13272
전북,진안군,2021,2768
전북,진안군,2022,2609
전북,진안군,2023,2523
전북,진안군,2024,2394
제주,서귀포시,2021,28845
제주,서귀포시,2022,28213
제주,서귀포시,2023,27595
제주,서귀포시,2024,27076
제주,제주시,2021,89017
제주,제주시,2022,86929
제주,제주시,2023,85061
제주,제주시,2024,83154
충남,계룡시,2021,9527
충남,계룡시,2022,9398
충남,계룡시,2023,9477
충남,계룡시,2024,9272
충남,공주시,2021,14491
충남,공주시,2022,14577
충남,공주시,2023,14548
충남,공주시,2024,14548
충남,금산군,2021,6463
충남,금산군,2022,6259
충남,금산군,2023,6121
충남,금산군,2024,6063
충남,논산시,2021,15907
충남,논산시,2022,15107
충남,논산시,2023,14382
충남,논산시,2024,13555
충남,당진시,2021,25288
충남,당진시,2022,25021
충남,당진시,2023,24954
충남,당진시,2024,25095
충남,동남구,2021,45296
충남,동남구,2022,44489
충남,동남구,2023,43819
충남,동남구,2024,43548
충남,보령시,2021,13517
충남,보령시,2022,12808
충남,보령시,2023,12147
충남,보령시,2024,11451
충남,부여군,2021,7617
충남,부여군,2022,7104
충남,부여군,2023,6674
충남,부여군,2024,6280
충남,서북구,2021,74220
충남,서북구,2022,72773
충남,서북구,2023,71645
충남,서북구,2024,70730
충남,서산시,2021,28102
충남,서산시,2022,27389
충남,서산시,2023,26752
충남,서산시,2024,26077
충남,서천군,2021,5581
충남,서천군,2022,5272
충남,서천군,2023,4996
충남,서천군,2024,4693
충남,아산시,2021,57494
충남,아산시,2022,58641
충남,아산시,2023,59516
충남,아산시,2024,60819
충남,예산군,2021,9314
충남,예산군,2022,9021
충남,예산군,2023,8882
충남,예산군,2024,8649
충남,천안시,2021,119516
충남,천안시,2022,117262
충남,천안시,2023,115464
충남,천안시,2024,114278
충남,청양군,2021,3501
충남,청양군,2022,3474
충남,청양군,2023,3419
충남,청양군,2024,3307
충남,태안군,2021,7102
충남,태안군,2022,6767
충남,태안군,2023,6433
충남,태안군,2024,6112
충남,홍성군,2021,15368
충남,홍성군,2022,14865
충남,홍성군,2023,14501
충남,홍성군,2024,14358
충북,괴산군,2021,3597
충북,괴산군,2022,3252
충북,괴산군,2023,3062
충북,괴산군,2024,2974
충북,단양군,2021,3121
충북,단양군,2022,2861
충북,단양군,2023,2704
충북,단양군,2024,2569
충북,보은군,2021,3459
충북,보은군,2022,3292
충북,보은군,2023,3078
충북,보은군,2024,2904
충북,상당구,2021,33849
충북,상당구,2022,33104
충북,상당구,2023,32743
충북,상당구,2024,31702
충북,서원구,2021,35227
충북,서원구,2022,33767
충북,서원구,2023,31937
충북,서원구,2024,30424
충북,영동군,2021,5727
충북,영동군,2022,5290
충북,영동군,2023,4912
충북,영동군,2024,4664
충북,옥천군,2021,6388
충북,옥천군,2022,6025
충북,옥천군,2023,5891
충북,옥천군,2024,5637
충북,음성군,2021,12551
충북,음성군,2022,12011
충북,음성군,2023,11442
충북,음성군,2024,11224
충북,제천시,2021,20025
충북,제천시,2022,19910
충북,제천시,2023,19709
충북,제천시,2024,18646
충북,증평군,2021,5758
충북,증평군,2022,5675
충북,증평군,2023,5506
충북,증평군,2024,5284
충북,진천군,2021,13452
충북,진천군,2022,13340
충북,진천군,2023,13077
충북,진천군,2024,12880
충북,청원구,2021,32904
충북,청원구,2022,32762
충북,청원구,2023,32233
충북,청원구,2024,31980
충북,청주시,2021,148549
충북,청주시,2022,144811
충북,청주시,2023,141715
충북,청주시,2024,139363
충북,충주시,2021,31892
충북,충주시,2022,30624
충북,충주시,2023,29729
충북,충주시,2024,28914
충북,흥덕구,2021,46569
충북,흥덕구,2022,45178
충북,흥덕구,2023,44802
충북,흥덕구,2024,45257
